CustomerID,avg_days_between_orders
12346,57.0
12347,57.0
12348,91.0
12349,190.0
12352,45.0
12353,204.0
12355,353.0
12356,80.0
12357,355.0
12358,183.0
12359,75.0
12360,86.0
12361,132.0
12362,74.0
12363,133.0
12364,35.0
12369,114.0
12370,123.0
12371,200.0
12372,113.0
12373,181.0
12374,282.0
12375,88.0
12376,28.0
12377,91.0
12378,433.0
12379,151.0
12380,92.0
12381,29.0
12383,42.0
12384,93.0
12386,29.0
12388,81.0
12389,127.0
12391,160.0
12393,71.0
12394,154.0
12395,45.0
12397,100.0
12399,88.0
12402,69.0
12403,472.0
12406,169.0
12407,54.0
12408,78.0
12409,81.0
12410,194.0
12412,93.0
12413,112.0
12414,82.0
12415,23.0
12417,38.0
12418,173.0
12419,28.0
12421,98.0
12422,48.0
12423,52.0
12424,193.0
12425,370.0
12426,468.0
12427,175.0
12428,43.0
12429,107.0
12431,29.0
12432,65.0
12433,60.0
12434,149.0
12435,132.0
12437,22.0
12438,126.0
12439,43.0
12440,255.0
12444,38.0
12445,398.0
12449,83.0
12450,80.0
12451,87.0
12454,91.0
12455,72.0
12456,105.0
12457,53.0
12458,139.0
12461,60.0
12462,285.0
12463,63.0
12464,50.0
12465,152.0
12468,124.0
12469,14.0
12471,16.0
12472,39.0
12473,54.0
12474,23.0
12475,356.0
12476,29.0
12477,75.0
12480,80.0
12481,49.0
12482,15.0
12483,39.0
12484,59.0
12488,33.0
12490,37.0
12492,170.0
12493,32.0
12494,70.0
12497,282.0
12498,36.0
12500,41.0
12502,54.0
12504,193.0
12507,150.0
12508,3.0
12510,85.0
12514,374.0
12516,174.0
12517,54.0
12518,28.0
12519,413.0
12520,49.0
12522,12.0
12523,32.0
12524,44.0
12525,75.0
12526,47.0
12527,112.0
12528,61.0
12530,73.0
12531,672.0
12533,111.0
12535,95.0
12536,16.0
12538,349.0
12539,139.0
12540,24.0
12541,126.0
12542,156.0
12545,184.0
12546,31.0
12547,152.0
12549,31.0
12552,1.0
12553,38.0
12556,101.0
12557,101.0
12559,9.0
12560,69.0
12562,53.0
12567,50.0
12569,10.0
12571,82.0
12572,43.0
12573,60.0
12575,69.0
12576,70.0
12577,175.0
12578,141.0
12580,330.0
12582,113.0
12583,28.0
12584,35.0
12585,117.0
12586,235.0
12588,279.0
12589,165.0
12591,46.0
12592,214.0
12593,55.0
12594,47.0
12596,191.0
12597,83.0
12598,71.0
12599,46.0
12600,35.0
12601,43.0
12604,182.0
12605,27.0
12609,80.0
12610,26.0
12613,95.0
12615,105.0
12616,147.0
12619,60.0
12620,95.0
12621,22.0
12623,70.0
12624,71.0
12625,128.0
12626,38.0
12627,22.0
12628,30.0
12629,38.0
12630,34.0
12631,159.0
12632,44.0
12633,78.0
12634,13.0
12635,122.0
12637,48.0
12638,606.0
12639,195.0
12640,29.0
12642,41.0
12643,48.0
12644,188.0
12645,91.0
12646,45.0
12647,22.0
12648,182.0
12649,98.0
12651,44.0
12652,103.0
12653,189.0
12654,95.0
12656,78.0
12657,34.0
12662,34.0
12663,44.0
12664,72.0
12665,173.0
12668,74.0
12669,53.0
12670,109.0
12672,266.0
12673,198.0
12674,56.0
12675,25.0
12676,57.0
12677,111.0
12678,39.0
12679,75.0
12680,38.0
12681,17.0
12682,16.0
12683,45.0
12684,34.0
12685,13.0
12689,102.0
12691,65.0
12693,66.0
12694,176.0
12695,110.0
12696,74.0
12697,71.0
12700,69.0
12701,111.0
12703,204.0
12704,27.0
12705,47.0
12708,41.0
12709,26.0
12710,53.0
12711,65.0
12712,35.0
12714,66.0
12716,130.0
12717,220.0
12719,60.0
12720,21.0
12721,63.0
12722,22.0
12723,31.0
12724,88.0
12725,71.0
12726,60.0
12727,80.0
12728,78.0
12731,42.0
12733,152.0
12734,20.0
12735,22.0
12739,105.0
12741,4.0
12744,77.0
12745,98.0
12747,29.0
12748,4.0
12749,86.0
12753,68.0
12754,37.0
12755,46.0
12757,25.0
12758,104.0
12759,98.0
12761,7.0
12762,18.0
12763,231.0
12765,34.0
12766,51.0
12770,246.0
12775,65.0
12778,73.0
12779,54.0
12781,221.0
12782,52.0
12783,18.0
12784,260.0
12785,184.0
12787,135.0
12788,22.0
12789,314.0
12790,218.0
12791,63.0
12792,278.0
12793,34.0
12794,45.0
12797,59.0
12798,137.0
12800,206.0
12802,63.0
12804,35.0
12805,98.0
12806,51.0
12808,107.0
12809,235.0
12810,142.0
12811,42.0
12813,96.0
12815,51.0
12816,81.0
12817,77.0
12820,73.0
12821,397.0
12822,17.0
12823,43.0
12825,120.0
12826,65.0
12827,20.0
12828,26.0
12829,107.0
12830,34.0
12831,201.0
12832,66.0
12835,9.0
12836,52.0
12837,396.0
12838,62.0
12839,29.0
12840,89.0
12841,14.0
12842,222.0
12843,24.0
12844,188.0
12845,8.0
12847,365.0
12849,112.0
12851,381.0
12853,90.0
12854,108.0
12855,15.0
12856,11.0
12857,95.0
12862,70.0
12863,107.0
12864,370.0
12865,150.0
12866,110.0
12867,58.0
12868,30.0
12870,125.0
12871,178.0
12872,37.0
12873,200.0
12874,169.0
12875,139.0
12876,178.0
12877,36.0
12878,30.0
12879,24.0
12880,193.0
12882,24.0
12883,65.0
12885,60.0
12886,152.0
12888,41.0
12889,40.0
12890,363.0
12891,47.0
12895,44.0
12897,113.0
12898,196.0
12901,12.0
12904,154.0
12905,106.0
12906,67.0
12907,99.0
12908,114.0
12909,102.0
12910,66.0
12912,10.0
12913,61.0
12915,147.0
12916,91.0
12917,151.0
12919,32.0
12920,354.0
12921,15.0
12923,256.0
12924,64.0
12925,294.0
12926,105.0
12928,51.0
12930,93.0
12931,17.0
12932,21.0
12933,118.0
12935,50.0
12936,31.0
12937,90.0
12939,42.0
12940,33.0
12942,117.0
12943,47.0
12944,319.0
12945,368.0
12947,46.0
12948,90.0
12949,47.0
12950,11.0
12951,49.0
12952,37.0
12953,513.0
12955,27.0
12956,139.0
12957,72.0
12958,183.0
12960,83.0
12962,106.0
12963,51.0
12967,13.0
12970,182.0
12971,7.0
12972,83.0
12974,368.0
12975,74.0
12976,76.0
12977,178.0
12978,86.0
12980,29.0
12981,104.0
12982,52.0
12985,28.0
12986,43.0
12987,154.0
12989,27.0
12990,98.0
12991,183.0
12993,106.0
12994,132.0
12997,84.0
12998,81.0
12999,25.0
13000,206.0
13001,23.0
13002,58.0
13003,55.0
13004,21.0
13005,95.0
13008,200.0
13010,274.0
13012,58.0
13013,28.0
13014,42.0
13015,69.0
13016,50.0
13018,27.0
13019,71.0
13020,97.0
13021,49.0
13023,232.0
13024,112.0
13026,91.0
13027,32.0
13028,23.0
13029,123.0
13030,357.0
13031,37.0
13032,82.0
13033,72.0
13034,174.0
13035,179.0
13037,60.0
13038,105.0
13039,46.0
13040,25.0
13041,46.0
13042,67.0
13044,41.0
13045,194.0
13046,213.0
13047,38.0
13048,83.0
13049,112.0
13050,21.0
13051,41.0
13052,88.0
13055,176.0
13057,51.0
13058,64.0
13059,46.0
13064,116.0
13065,44.0
13066,8.0
13067,182.0
13068,309.0
13069,18.0
13070,180.0
13073,26.0
13074,71.0
13077,81.0
13078,14.0
13079,83.0
13080,143.0
13081,30.0
13082,39.0
13083,211.0
13085,145.0
13089,6.0
13090,23.0
13091,701.0
13092,54.0
13093,11.0
13094,31.0
13097,32.0
13098,13.0
13101,149.0
13102,18.0
13103,269.0
13104,81.0
13106,280.0
13107,79.0
13108,63.0
13109,246.0
13110,71.0
13113,18.0
13115,65.0
13117,35.0
13118,60.0
13122,146.0
13123,57.0
13124,99.0
13126,58.0
13129,77.0
13131,129.0
13133,93.0
13134,66.0
13135,295.0
13136,84.0
13137,33.0
13138,62.0
13139,70.0
13140,96.0
13141,46.0
13144,99.0
13145,93.0
13147,30.0
13148,41.0
13149,92.0
13150,146.0
13151,166.0
13152,46.0
13154,168.0
13155,92.0
13156,146.0
13157,85.0
13158,74.0
13159,36.0
13161,187.0
13162,41.0
13164,98.0
13165,184.0
13166,131.0
13167,93.0
13168,127.0
13169,250.0
13171,139.0
13173,81.0
13174,72.0
13175,153.0
13177,366.0
13178,35.0
13183,45.0
13184,35.0
13186,45.0
13187,287.0
13189,97.0
13190,94.0
13192,148.0
13194,286.0
13196,121.0
13198,61.0
13199,13.0
13200,36.0
13201,47.0
13202,56.0
13203,79.0
13206,30.0
13207,199.0
13208,85.0
13209,65.0
13211,90.0
13212,42.0
13213,57.0
13214,38.0
13217,178.0
13220,124.0
13221,119.0
13223,93.0
13224,91.0
13225,51.0
13226,120.0
13230,22.0
13232,39.0
13233,207.0
13234,60.0
13236,82.0
13238,115.0
13239,60.0
13240,93.0
13242,111.0
13243,214.0
13245,382.0
13246,51.0
13247,22.0
13248,65.0
13249,74.0
13250,42.0
13252,231.0
13253,182.0
13255,252.0
13258,97.0
13259,106.0
13261,17.0
13262,169.0
13263,11.0
13265,55.0
13266,40.0
13267,28.0
13268,28.0
13269,37.0
13272,58.0
13275,249.0
13276,145.0
13277,87.0
13278,190.0
13280,104.0
13282,129.0
13283,194.0
13285,120.0
13287,51.0
13288,56.0
13291,51.0
13292,122.0
13293,55.0
13294,229.0
13295,72.0
13296,88.0
13297,107.0
13299,130.0
13300,203.0
13301,63.0
13302,371.0
13304,106.0
13305,42.0
13307,236.0
13308,191.0
13309,77.0
13310,94.0
13311,146.0
13313,72.0
13314,36.0
13316,67.0
13317,47.0
13318,18.0
13319,19.0
13320,100.0
13321,14.0
13323,20.0
13324,48.0
13327,38.0
13329,141.0
13330,112.0
13333,124.0
13334,143.0
13338,182.0
13340,76.0
13344,210.0
13346,34.0
13350,63.0
13357,123.0
13359,340.0
13360,90.0
13361,145.0
13362,69.0
13363,196.0
13365,184.0
13368,56.0
13371,127.0
13373,135.0
13374,35.0
13375,356.0
13376,68.0
13377,249.0
13379,55.0
13381,64.0
13382,113.0
13384,52.0
13386,23.0
13388,472.0
13389,111.0
13393,50.0
13394,41.0
13395,118.0
13396,290.0
13397,68.0
13398,256.0
13399,28.0
13402,146.0
13403,353.0
13404,211.0
13405,130.0
13406,204.0
13407,42.0
13408,10.0
13410,88.0
13413,16.0
13414,94.0
13415,128.0
13416,347.0
13417,166.0
13418,30.0
13420,21.0
13421,125.0
13425,118.0
13426,37.0
13427,141.0
13428,504.0
13429,22.0
13430,68.0
13431,99.0
13432,41.0
13433,65.0
13434,145.0
13435,62.0
13437,29.0
13439,136.0
13440,14.0
13441,340.0
13442,36.0
13443,46.0
13444,132.0
13446,23.0
13447,6.0
13448,72.0
13450,48.0
13451,60.0
13452,107.0
13453,119.0
13455,141.0
13456,38.0
13457,49.0
13458,25.0
13459,58.0
13460,20.0
13461,112.0
13462,118.0
13464,140.0
13465,140.0
13466,148.0
13467,26.0
13468,11.0
13470,16.0
13471,15.0
13472,92.0
13473,111.0
13474,130.0
13475,36.0
13476,117.0
13477,72.0
13478,69.0
13479,92.0
13480,263.0
13481,86.0
13482,395.0
13484,199.0
13485,63.0
13486,39.0
13487,169.0
13488,37.0
13489,63.0
13491,26.0
13492,39.0
13493,12.0
13495,81.0
13496,349.0
13497,77.0
13499,63.0
13500,126.0
13501,141.0
13502,133.0
13503,148.0
13505,53.0
13506,36.0
13507,47.0
13508,399.0
13509,71.0
13510,80.0
13512,108.0
13513,265.0
13514,203.0
13515,114.0
13516,132.0
13517,60.0
13519,364.0
13520,66.0
13521,5.0
13523,92.0
13524,45.0
13525,234.0
13527,65.0
13529,126.0
13531,133.0
13533,85.0
13534,21.0
13536,12.0
13537,26.0
13538,57.0
13539,84.0
13540,188.0
13541,143.0
13542,22.0
13543,53.0
13544,151.0
13545,154.0
13546,103.0
13548,188.0
13549,52.0
13551,347.0
13552,46.0
13554,13.0
13555,77.0
13556,6.0
13557,64.0
13558,21.0
13559,31.0
13561,48.0
13562,102.0
13563,56.0
13564,24.0
13565,196.0
13566,150.0
13567,57.0
13569,137.0
13571,29.0
13573,147.0
13575,38.0
13576,27.0
13577,70.0
13579,161.0
13581,105.0
13582,228.0
13583,524.0
13584,185.0
13585,104.0
13587,300.0
13588,30.0
13589,144.0
13590,45.0
13591,110.0
13592,76.0
13593,45.0
13594,433.0
13595,65.0
13596,7.0
13597,2.0
13598,201.0
13599,34.0
13600,322.0
13601,167.0
13602,165.0
13605,184.0
13606,141.0
13607,362.0
13610,53.0
13611,72.0
13613,104.0
13614,105.0
13615,52.0
13616,123.0
13617,65.0
13619,130.0
13623,79.0
13626,127.0
13627,97.0
13629,36.0
13630,47.0
13631,28.0
13632,84.0
13634,48.0
13635,224.0
13636,62.0
13637,87.0
13639,362.0
13641,31.0
13642,217.0
13643,78.0
13644,30.0
13647,99.0
13648,56.0
13649,54.0
13650,83.0
13651,173.0
13652,152.0
13654,77.0
13655,95.0
13656,144.0
13657,191.0
13658,111.0
13659,46.0
13662,96.0
13663,117.0
13665,59.0
13666,225.0
13668,21.0
13669,179.0
13672,215.0
13673,14.0
13675,133.0
13676,80.0
13677,116.0
13679,121.0
13680,67.0
13681,46.0
13684,112.0
13685,12.0
13686,110.0
13689,381.0
13692,99.0
13693,45.0
13694,9.0
13695,39.0
13696,123.0
13698,85.0
13699,395.0
13700,64.0
13703,97.0
13704,10.0
13705,103.0
13706,324.0
13707,90.0
13709,63.0
13710,291.0
13711,72.0
13712,364.0
13713,88.0
13715,24.0
13717,65.0
13718,49.0
13719,56.0
13720,46.0
13721,359.0
13722,103.0
13723,99.0
13725,37.0
13726,62.0
13727,140.0
13728,46.0
13729,125.0
13730,26.0
13731,27.0
13733,325.0
13734,47.0
13735,64.0
13736,146.0
13739,509.0
13740,124.0
13741,73.0
13742,30.0
13743,43.0
13744,197.0
13745,384.0
13747,51.0
13748,92.0
13750,56.0
13752,67.0
13753,150.0
13754,143.0
13755,9.0
13756,36.0
13758,52.0
13759,38.0
13760,135.0
13761,152.0
13762,120.0
13763,186.0
13764,143.0
13767,13.0
13768,4.0
13769,42.0
13770,103.0
13771,98.0
13772,104.0
13773,263.0
13777,16.0
13778,154.0
13780,200.0
13781,236.0
13782,60.0
13783,62.0
13784,34.0
13785,16.0
13786,74.0
13787,124.0
13791,41.0
13792,178.0
13795,83.0
13797,106.0
13798,7.0
13799,66.0
13800,214.0
13802,31.0
13803,182.0
13804,58.0
13805,77.0
13807,184.0
13808,23.0
13809,78.0
13810,28.0
13811,28.0
13812,32.0
13813,99.0
13814,218.0
13815,92.0
13816,41.0
13817,322.0
13819,87.0
13820,131.0
13821,112.0
13822,35.0
13823,118.0
13824,55.0
13825,109.0
13827,43.0
13831,42.0
13832,403.0
13833,245.0
13834,93.0
13835,103.0
13836,15.0
13837,106.0
13838,115.0
13842,40.0
13846,125.0
13848,91.0
13849,143.0
13851,97.0
13854,19.0
13855,77.0
13856,45.0
13857,45.0
13859,203.0
13860,28.0
13861,101.0
13862,46.0
13863,115.0
13865,77.0
13867,94.0
13868,31.0
13869,63.0
13870,61.0
13871,46.0
13872,99.0
13873,75.0
13874,53.0
13875,56.0
13877,302.0
13878,183.0
13880,42.0
13881,21.0
13882,16.0
13883,66.0
13884,66.0
13885,11.0
13888,114.0
13889,119.0
13890,61.0
13891,102.0
13892,110.0
13894,287.0
13895,142.0
13897,314.0
13898,86.0
13899,258.0
13900,88.0
13901,57.0
13902,23.0
13904,257.0
13908,66.0
13909,98.0
13911,33.0
13914,25.0
13916,71.0
13917,142.0
13918,204.0
13919,160.0
13920,44.0
13921,106.0
13922,58.0
13924,14.0
13925,21.0
13927,363.0
13928,41.0
13929,66.0
13930,79.0
13931,92.0
13933,39.0
13935,28.0
13936,118.0
13937,233.0
13939,98.0
13940,42.0
13941,54.0
13945,85.0
13946,131.0
13948,125.0
13949,18.0
13950,78.0
13951,59.0
13952,51.0
13953,66.0
13954,69.0
13955,111.0
13956,67.0
13957,121.0
13958,89.0
13959,86.0
13960,50.0
13962,207.0
13963,18.0
13964,43.0
13965,114.0
13967,251.0
13969,19.0
13970,51.0
13971,51.0
13972,131.0
13974,533.0
13975,64.0
13976,154.0
13978,31.0
13979,133.0
13980,149.0
13982,81.0
13983,39.0
13984,71.0
13985,32.0
13987,21.0
13988,87.0
13989,125.0
13991,33.0
13992,217.0
13993,41.0
13994,29.0
13995,54.0
13996,13.0
13997,31.0
13998,65.0
13999,26.0
14000,132.0
14001,64.0
14002,22.0
14004,49.0
14005,52.0
14006,90.0
14009,132.0
14011,127.0
14013,128.0
14014,250.0
14016,54.0
14019,46.0
14020,171.0
14021,73.0
14022,261.0
14023,243.0
14024,135.0
14025,17.0
14026,155.0
14029,81.0
14030,47.0
14031,19.0
14032,48.0
14034,135.0
14035,73.0
14037,111.0
14038,149.0
14039,542.0
14040,23.0
14043,238.0
14044,82.0
14045,45.0
14047,61.0
14048,77.0
14049,67.0
14050,75.0
14051,22.0
14052,371.0
14053,121.0
14055,309.0
14056,13.0
14057,40.0
14058,68.0
14060,23.0
14061,116.0
14062,34.0
14063,42.0
14064,51.0
14065,21.0
14067,33.0
14068,119.0
14069,47.0
14071,44.0
14075,107.0
14077,71.0
14078,65.0
14079,558.0
14080,176.0
14081,61.0
14082,28.0
14083,80.0
14085,25.0
14087,367.0
14088,32.0
14091,44.0
14092,34.0
14096,6.0
14097,164.0
14099,38.0
14101,46.0
14102,10.0
14104,102.0
14105,121.0
14107,68.0
14108,236.0
14110,24.0
14111,76.0
14112,70.0
14113,52.0
14114,56.0
14115,165.0
14116,26.0
14119,343.0
14121,19.0
14122,166.0
14125,34.0
14126,219.0
14127,61.0
14128,246.0
14129,83.0
14130,136.0
14132,18.0
14133,302.0
14134,35.0
14135,33.0
14136,83.0
14138,62.0
14139,165.0
14140,28.0
14141,34.0
14142,273.0
14145,94.0
14146,86.0
14147,94.0
14148,181.0
14150,324.0
14151,43.0
14152,117.0
14154,91.0
14156,6.0
14157,157.0
14159,40.0
14160,15.0
14161,85.0
14162,119.0
14163,94.0
14164,10.0
14166,121.0
14167,92.0
14168,144.0
14169,14.0
14170,10.0
14171,632.0
14172,19.0
14173,180.0
14175,81.0
14176,28.0
14177,71.0
14178,29.0
14179,12.0
14180,17.0
14181,152.0
14182,51.0
14183,70.0
14186,54.0
14188,56.0
14189,28.0
14191,52.0
14193,165.0
14194,29.0
14195,108.0
14198,86.0
14199,104.0
14201,59.0
14202,122.0
14204,245.0
14205,89.0
14206,82.0
14208,457.0
14209,48.0
14210,43.0
14211,45.0
14212,356.0
14214,62.0
14215,90.0
14216,103.0
14217,25.0
14219,245.0
14220,107.0
14221,44.0
14223,86.0
14224,54.0
14225,87.0
14226,83.0
14227,71.0
14228,55.0
14229,84.0
14230,113.0
14231,89.0
14232,56.0
14233,99.0
14234,12.0
14235,91.0
14236,106.0
14237,217.0
14238,204.0
14239,35.0
14240,197.0
14241,513.0
14242,91.0
14243,29.0
14245,44.0
14246,68.0
14247,68.0
14248,99.0
14249,38.0
14250,82.0
14251,14.0
14253,130.0
14256,145.0
14257,73.0
14258,35.0
14260,77.0
14261,28.0
14262,33.0
14264,91.0
14265,168.0
14267,98.0
14271,184.0
14272,170.0
14273,64.0
14275,53.0
14276,112.0
14277,102.0
14279,161.0
14282,27.0
14283,35.0
14284,312.0
14285,101.0
14286,142.0
14287,190.0
14289,56.0
14290,103.0
14291,56.0
14292,62.0
14293,104.0
14295,173.0
14296,153.0
14297,86.0
14298,16.0
14299,30.0
14301,183.0
14302,154.0
14303,27.0
14304,174.0
14305,32.0
14306,125.0
14307,81.0
14309,54.0
14311,325.0
14312,46.0
14314,324.0
14315,84.0
14316,69.0
14320,120.0
14321,77.0
14322,77.0
14323,124.0
14324,284.0
14326,145.0
14327,107.0
14329,54.0
14331,11.0
14332,99.0
14334,50.0
14335,80.0
14336,87.0
14338,188.0
14339,186.0
14341,63.0
14342,90.0
14343,90.0
14344,26.0
14346,126.0
14350,78.0
14352,58.0
14353,108.0
14354,25.0
14355,131.0
14356,2.0
14358,39.0
14359,34.0
14360,32.0
14363,49.0
14364,17.0
14365,287.0
14367,22.0
14369,19.0
14370,57.0
14372,156.0
14375,178.0
14377,71.0
14379,145.0
14381,399.0
14382,364.0
14383,63.0
14385,7.0
14387,39.0
14388,45.0
14389,131.0
14390,42.0
14395,33.0
14396,134.0
14397,12.0
14398,126.0
14399,40.0
14400,241.0
14401,34.0
14403,102.0
14404,62.0
14407,34.0
14408,72.0
14409,71.0
14410,43.0
14412,191.0
14413,109.0
14414,40.0
14415,33.0
14416,20.0
14418,53.0
14419,62.0
14420,197.0
14421,127.0
14422,40.0
14423,238.0
14425,152.0
14426,48.0
14427,194.0
14428,80.0
14430,96.0
14431,128.0
14432,16.0
14434,10.0
14436,455.0
14437,55.0
14439,92.0
14440,66.0
14441,69.0
14442,97.0
14443,82.0
14446,97.0
14447,96.0
14448,355.0
14449,70.0
14450,72.0
14451,57.0
14452,170.0
14454,89.0
14455,21.0
14456,20.0
14459,496.0
14460,77.0
14461,49.0
14462,41.0
14463,134.0
14464,59.0
14465,51.0
14466,58.0
14467,65.0
14469,88.0
14470,210.0
14471,141.0
14472,73.0
14473,208.0
14474,533.0
14475,112.0
14477,114.0
14478,119.0
14479,160.0
14480,236.0
14481,128.0
14482,50.0
14483,455.0
14484,224.0
14486,42.0
14487,71.0
14489,135.0
14490,22.0
14491,197.0
14492,32.0
14493,70.0
14494,353.0
14495,305.0
14496,54.0
14497,364.0
14498,56.0
14499,74.0
14500,51.0
14501,136.0
14502,37.0
14503,35.0
14504,77.0
14505,48.0
14506,97.0
14507,78.0
14508,173.0
14510,61.0
14511,31.0
14512,91.0
14513,94.0
14514,83.0
14515,59.0
14517,108.0
14519,45.0
14520,289.0
14522,94.0
14524,55.0
14525,44.0
14527,6.0
14529,25.0
14530,44.0
14532,46.0
14533,59.0
14534,25.0
14535,74.0
14537,566.0
14538,155.0
14539,29.0
14540,72.0
14541,54.0
14543,20.0
14544,223.0
14546,73.0
14547,7.0
14548,117.0
14549,142.0
14550,158.0
14551,166.0
14552,221.0
14553,82.0
14554,14.0
14555,133.0
14556,46.0
14558,39.0
14560,20.0
14561,55.0
14562,29.0
14563,83.0
14564,301.0
14565,95.0
14566,141.0
14567,74.0
14569,201.0
14570,163.0
14572,69.0
14573,52.0
14577,119.0
14581,528.0
14583,88.0
14584,70.0
14585,92.0
14587,39.0
14590,17.0
14591,198.0
14592,15.0
14593,101.0
14594,366.0
14595,96.0
14597,107.0
14598,525.0
14599,119.0
14600,88.0
14605,179.0
14606,4.0
14607,55.0
14608,81.0
14609,66.0
14610,119.0
14611,155.0
14615,39.0
14616,77.0
14617,13.0
14618,107.0
14619,296.0
14620,78.0
14621,85.0
14623,63.0
14624,109.0
14625,59.0
14626,71.0
14628,148.0
14629,43.0
14631,87.0
14634,35.0
14636,232.0
14639,102.0
14640,74.0
14643,140.0
14644,134.0
14645,239.0
14646,8.0
14647,322.0
14648,26.0
14649,98.0
14651,81.0
14653,74.0
14655,98.0
14656,109.0
14657,84.0
14658,112.0
14659,38.0
14660,14.0
14662,118.0
14664,14.0
14665,106.0
14667,15.0
14669,124.0
14670,452.0
14671,19.0
14672,149.0
14673,68.0
14675,372.0
14676,55.0
14679,175.0
14680,14.0
14681,146.0
14682,97.0
14684,73.0
14685,38.0
14686,245.0
14687,223.0
14688,17.0
14690,122.0
14691,61.0
14692,44.0
14693,44.0
14695,213.0
14696,60.0
14698,13.0
14699,104.0
14700,113.0
14701,67.0
14702,26.0
14704,61.0
14707,141.0
14708,113.0
14709,33.0
14710,60.0
14711,25.0
14712,130.0
14713,36.0
14714,221.0
14715,95.0
14716,201.0
14719,62.0
14720,61.0
14722,170.0
14723,81.0
14725,255.0
14727,272.0
14729,252.0
14730,46.0
14731,83.0
14732,42.0
14733,28.0
14734,42.0
14735,19.0
14737,132.0
14738,86.0
14739,31.0
14740,46.0
14741,68.0
14744,50.0
14745,58.0
14746,9.0
14748,77.0
14751,42.0
14753,373.0
14754,129.0
14755,35.0
14756,205.0
14758,78.0
14759,114.0
14761,193.0
14762,363.0
14765,74.0
14766,54.0
14768,110.0
14769,45.0
14770,60.0
14771,115.0
14775,157.0
14776,33.0
14778,181.0
14779,22.0
14780,25.0
14784,182.0
14785,5.0
14788,295.0
14790,79.0
14793,514.0
14794,54.0
14796,28.0
14798,85.0
14799,686.0
14800,26.0
14803,65.0
14805,101.0
14806,364.0
14807,259.0
14808,27.0
14810,32.0
14813,121.0
14815,31.0
14817,71.0
14818,115.0
14819,218.0
14820,82.0
14821,78.0
14823,14.0
14824,70.0
14825,26.0
14826,114.0
14828,45.0
14829,81.0
14831,57.0
14834,65.0
14835,89.0
14836,10.0
14837,74.0
14838,313.0
14839,143.0
14840,272.0
14841,53.0
14842,88.0
14844,78.0
14847,208.0
14849,31.0
14850,86.0
14851,304.0
14852,53.0
14853,145.0
14854,61.0
14855,123.0
14856,20.0
14857,144.0
14859,181.0
14861,85.0
14862,123.0
14865,244.0
14866,29.0
14867,39.0
14868,46.0
14869,143.0
14870,106.0
14871,92.0
14872,75.0
14873,423.0
14875,167.0
14876,40.0
14877,224.0
14878,32.0
14880,106.0
14882,54.0
14883,48.0
14885,167.0
14890,203.0
14891,96.0
14893,304.0
14894,326.0
14895,31.0
14896,76.0
14897,102.0
14898,55.0
14901,44.0
14902,264.0
14903,64.0
14904,142.0
14905,83.0
14907,54.0
14908,389.0
14909,113.0
14910,17.0
14911,3.0
14912,167.0
14913,64.0
14915,72.0
14916,78.0
14918,71.0
14920,353.0
14921,171.0
14922,114.0
14924,197.0
14926,217.0
14929,389.0
14930,125.0
14931,59.0
14932,20.0
14933,1.0
14934,120.0
14935,322.0
14936,79.0
14937,74.0
14940,316.0
14942,109.0
14944,57.0
14947,110.0
14948,39.0
14949,84.0
14952,31.0
14953,205.0
14954,691.0
14957,391.0
14958,118.0
14959,77.0
14960,163.0
14961,40.0
14962,105.0
14963,52.0
14966,178.0
14967,229.0
14968,428.0
14970,66.0
14971,8.0
14972,253.0
14973,59.0
14975,364.0
14976,67.0
14978,58.0
14981,177.0
14984,170.0
14985,160.0
14986,308.0
14987,120.0
14988,65.0
14990,118.0
14994,60.0
14995,242.0
14997,203.0
14998,145.0
15002,73.0
15003,42.0
15005,13.0
15006,402.0
15008,157.0
15009,7.0
15011,21.0
15012,262.0
15013,21.0
15014,133.0
15015,22.0
15016,124.0
15018,165.0
15021,49.0
15022,222.0
15023,37.0
15024,38.0
15025,535.0
15026,92.0
15027,74.0
15028,97.0
15030,82.0
15031,66.0
15032,79.0
15033,36.0
15034,47.0
15036,54.0
15038,46.0
15039,9.0
15041,274.0
15042,396.0
15043,100.0
15044,26.0
15045,106.0
15046,29.0
15048,101.0
15050,152.0
15051,89.0
15053,139.0
15054,28.0
15055,125.0
15057,115.0
15058,52.0
15059,46.0
15060,1.0
15061,11.0
15062,77.0
15064,102.0
15065,93.0
15067,176.0
15068,192.0
15070,176.0
15071,159.0
15073,96.0
15074,181.0
15076,175.0
15077,236.0
15078,21.0
15079,74.0
15080,74.0
15081,47.0
15084,266.0
15086,61.0
15088,46.0
15089,24.0
15091,607.0
15092,124.0
15093,38.0
15094,181.0
15095,83.0
15097,579.0
15100,61.0
15101,116.0
15102,16.0
15103,55.0
15104,86.0
15105,101.0
15106,63.0
15107,18.0
15108,29.0
15109,245.0
15110,92.0
15111,141.0
15113,23.0
15114,36.0
15115,714.0
15116,62.0
15117,103.0
15121,238.0
15122,56.0
15123,157.0
15124,210.0
15125,42.0
15126,151.0
15127,454.0
15128,93.0
15129,28.0
15132,61.0
15133,98.0
15134,45.0
15135,317.0
15136,47.0
15137,160.0
15139,97.0
15140,65.0
15141,33.0
15142,114.0
15143,207.0
15144,31.0
15145,81.0
15146,127.0
15149,172.0
15150,48.0
15151,86.0
15152,53.0
15154,403.0
15156,16.0
15157,182.0
15158,356.0
15159,20.0
15160,21.0
15163,174.0
15164,78.0
15167,118.0
15169,344.0
15172,57.0
15173,40.0
15174,88.0
15179,60.0
15180,111.0
15181,166.0
15182,84.0
15183,19.0
15184,231.0
15186,171.0
15187,16.0
15189,12.0
15191,225.0
15192,140.0
15194,28.0
15196,294.0
15197,144.0
15198,149.0
15199,57.0
15201,105.0
15203,54.0
15205,42.0
15206,88.0
15207,66.0
15208,84.0
15210,175.0
15211,305.0
15212,135.0
15213,11.0
15214,34.0
15215,113.0
15216,531.0
15218,35.0
15219,472.0
15220,46.0
15221,90.0
15222,41.0
15223,127.0
15224,84.0
15227,85.0
15228,87.0
15230,1.0
15232,27.0
15235,16.0
15237,75.0
15238,78.0
15239,68.0
15240,63.0
15241,59.0
15243,361.0
15244,301.0
15245,66.0
15246,159.0
15247,208.0
15248,62.0
15249,37.0
15251,37.0
15252,144.0
15253,114.0
15254,217.0
15255,96.0
15256,413.0
15257,131.0
15258,49.0
15259,85.0
15260,33.0
15261,100.0
15262,83.0
15264,466.0
15265,196.0
15266,91.0
15267,40.0
15268,127.0
15269,184.0
15270,54.0
15271,21.0
15272,121.0
15274,14.0
15276,184.0
15277,379.0
15278,104.0
15279,80.0
15280,200.0
15281,26.0
15283,64.0
15287,179.0
15288,78.0
15289,148.0
15290,28.0
15291,19.0
15296,71.0
15297,27.0
15298,35.0
15299,105.0
15301,31.0
15303,197.0
15304,45.0
15306,74.0
15309,42.0
15311,4.0
15312,59.0
15314,115.0
15315,52.0
15321,101.0
15322,391.0
15323,50.0
15325,93.0
15326,101.0
15329,69.0
15330,28.0
15331,110.0
15332,49.0
15334,9.0
15339,121.0
15341,369.0
15344,37.0
15346,50.0
15347,24.0
15349,29.0
15350,10.0
15351,47.0
15353,81.0
15355,24.0
15356,33.0
15358,25.0
15359,10.0
15361,61.0
15362,290.0
15363,120.0
15364,159.0
15365,108.0
15366,96.0
15367,84.0
15368,373.0
15369,34.0
15370,53.0
15372,105.0
15373,39.0
15374,496.0
15376,91.0
15377,17.0
15378,39.0
15379,33.0
15380,73.0
15381,93.0
15382,80.0
15384,141.0
15385,319.0
15389,127.0
15390,13.0
15392,71.0
15393,177.0
15394,79.0
15396,471.0
15398,62.0
15399,39.0
15400,67.0
15401,116.0
15402,89.0
15403,239.0
15405,387.0
15406,211.0
15407,91.0
15410,57.0
15411,52.0
15413,12.0
15414,117.0
15416,122.0
15418,161.0
15420,60.0
15421,84.0
15422,69.0
15423,292.0
15424,209.0
15425,88.0
15426,95.0
15427,14.0
15428,236.0
15429,49.0
15430,61.0
15432,518.0
15433,54.0
15434,75.0
15436,111.0
15437,378.0
15439,125.0
15440,77.0
15441,167.0
15443,49.0
15444,31.0
15445,326.0
15446,175.0
15447,98.0
15448,362.0
15449,118.0
15451,165.0
15452,96.0
15453,31.0
15454,256.0
15456,56.0
15458,377.0
15459,80.0
15461,171.0
15462,117.0
15465,23.0
15466,217.0
15467,72.0
15468,341.0
15469,194.0
15471,274.0
15473,108.0
15476,31.0
15478,268.0
15480,187.0
15482,48.0
15483,105.0
15484,147.0
15485,142.0
15488,123.0
15489,96.0
15491,35.0
15492,46.0
15493,89.0
15494,177.0
15497,88.0
15498,24.0
15500,24.0
15501,11.0
15502,60.0
15503,364.0
15504,195.0
15505,26.0
15506,91.0
15508,15.0
15511,19.0
15512,174.0
15513,25.0
15514,52.0
15516,2.0
15518,50.0
15519,63.0
15521,60.0
15522,55.0
15523,47.0
15524,582.0
15525,127.0
15527,39.0
15529,34.0
15530,123.0
15531,22.0
15532,58.0
15533,35.0
15535,69.0
15538,25.0
15540,364.0
15542,225.0
15543,171.0
15544,35.0
15545,317.0
15547,33.0
15549,89.0
15550,81.0
15551,129.0
15552,406.0
15555,23.0
15561,109.0
15562,188.0
15563,132.0
15564,213.0
15565,20.0
15566,332.0
15568,36.0
15569,68.0
15570,28.0
15571,60.0
15572,86.0
15573,175.0
15574,72.0
15577,192.0
15579,91.0
15580,42.0
15581,21.0
15582,98.0
15584,129.0
15586,54.0
15587,74.0
15589,55.0
15590,75.0
15591,46.0
15594,55.0
15596,50.0
15597,540.0
15598,374.0
15599,210.0
15600,55.0
15601,28.0
15602,49.0
15603,570.0
15605,82.0
15606,37.0
15607,46.0
15608,129.0
15611,29.0
15612,25.0
15614,95.0
15615,20.0
15617,56.0
15618,52.0
15620,118.0
15621,9.0
15622,67.0
15623,84.0
15624,47.0
15625,55.0
15626,174.0
15627,65.0
15628,45.0
15629,41.0
15630,300.0
15632,37.0
15633,19.0
15634,366.0
15636,160.0
15637,168.0
15638,58.0
15639,236.0
15640,30.0
15641,57.0
15643,91.0
15644,48.0
15645,204.0
15646,63.0
15648,63.0
15649,17.0
15650,107.0
15651,187.0
15652,99.0
15653,23.0
15654,17.0
15656,80.0
15658,78.0
15659,305.0
15660,59.0
15661,37.0
15662,77.0
15664,200.0
15665,117.0
15666,23.0
15669,74.0
15670,260.0
15671,42.0
15673,71.0
15674,55.0
15675,108.0
15676,133.0
15677,207.0
15678,235.0
15679,53.0
15680,81.0
15681,60.0
15682,88.0
15683,356.0
15684,94.0
15687,46.0
15689,249.0
15690,96.0
15691,160.0
15694,32.0
15695,208.0
15696,54.0
15700,1.0
15701,36.0
15702,206.0
15704,111.0
15706,18.0
15707,17.0
15708,48.0
15709,306.0
15711,128.0
15712,66.0
15713,193.0
15714,136.0
15715,32.0
15716,59.0
15717,90.0
15719,24.0
15720,526.0
15722,76.0
15723,70.0
15724,100.0
15727,51.0
15728,65.0
15729,96.0
15730,92.0
15732,58.0
15734,144.0
15737,38.0
15738,20.0
15741,160.0
15743,56.0
15745,72.0
15747,85.0
15748,409.0
15749,97.0
15750,46.0
15751,46.0
15752,52.0
15754,76.0
15755,45.0
15756,63.0
15757,96.0
15759,87.0
15762,12.0
15763,46.0
15764,78.0
15766,309.0
15768,19.0
15769,18.0
15771,45.0
15773,404.0
15774,118.0
15775,386.0
15777,65.0
15779,69.0
15780,87.0
15781,140.0
15782,140.0
15784,205.0
15785,63.0
15786,163.0
15787,35.0
15789,66.0
15791,150.0
15792,219.0
15793,103.0
15794,1.0
15795,90.0
15796,39.0
15797,114.0
15798,95.0
15799,114.0
15800,170.0
15801,32.0
15803,208.0
15804,17.0
15805,34.0
15806,115.0
15807,205.0
15808,22.0
15809,83.0
15810,85.0
15811,61.0
15812,56.0
15813,32.0
15814,147.0
15815,49.0
15817,62.0
15819,83.0
15821,17.0
15822,146.0
15823,180.0
15824,79.0
15826,256.0
15827,30.0
15829,41.0
15831,133.0
15834,89.0
15835,95.0
15837,421.0
15838,25.0
15839,58.0
15840,114.0
15841,82.0
15842,134.0
15845,67.0
15847,151.0
15850,141.0
15852,170.0
15854,40.0
15855,68.0
15856,17.0
15857,412.0
15858,59.0
15860,43.0
15861,74.0
15862,79.0
15863,174.0
15864,60.0
15865,166.0
15867,25.0
15869,349.0
15870,207.0
15872,268.0
15873,1.0
15874,43.0
15876,39.0
15877,16.0
15878,172.0
15879,106.0
15881,26.0
15882,106.0
15883,31.0
15884,304.0
15885,42.0
15886,269.0
15887,75.0
15888,223.0
15889,82.0
15890,105.0
15894,116.0
15898,32.0
15900,180.0
15901,105.0
15903,62.0
15906,62.0
15907,104.0
15908,22.0
15910,49.0
15911,18.0
15912,110.0
15916,65.0
15917,163.0
15918,221.0
15919,349.0
15920,143.0
15921,156.0
15932,41.0
15933,33.0
15934,12.0
15935,2.0
15936,88.0
15938,55.0
15939,20.0
15943,28.0
15944,150.0
15945,124.0
15946,131.0
15948,208.0
15949,55.0
15950,72.0
15951,187.0
15952,64.0
15953,42.0
15955,37.0
15956,175.0
15957,389.0
15958,159.0
15960,20.0
15963,26.0
15965,72.0
15967,72.0
15969,130.0
15970,295.0
15971,45.0
15972,48.0
15973,32.0
15974,42.0
15976,77.0
15977,22.0
15978,284.0
15980,156.0
15981,30.0
15983,102.0
15984,31.0
15985,88.0
15986,351.0
15987,61.0
15988,319.0
15989,362.0
15990,101.0
15992,225.0
15993,9.0
15994,291.0
15996,52.0
15998,50.0
16003,101.0
16004,70.0
16005,55.0
16006,176.0
16007,83.0
16008,43.0
16009,46.0
16010,18.0
16011,26.0
16012,124.0
16013,15.0
16014,160.0
16015,23.0
16016,44.0
16017,164.0
16018,231.0
16019,31.0
16020,49.0
16021,149.0
16023,110.0
16024,399.0
16027,44.0
16029,10.0
16031,155.0
16032,13.0
16033,20.0
16034,43.0
16036,178.0
16037,95.0
16038,97.0
16039,205.0
16040,91.0
16041,111.0
16042,86.0
16043,63.0
16045,63.0
16048,88.0
16049,95.0
16050,114.0
16053,145.0
16054,157.0
16057,114.0
16059,46.0
16060,47.0
16062,88.0
16065,20.0
16066,27.0
16067,57.0
16070,10.0
16071,204.0
16072,131.0
16075,62.0
16076,26.0
16078,386.0
16079,12.0
16080,123.0
16081,88.0
16083,96.0
16085,60.0
16086,75.0
16087,75.0
16088,16.0
16089,123.0
16091,44.0
16092,116.0
16094,66.0
16096,127.0
16098,49.0
16099,99.0
16101,164.0
16102,43.0
16103,35.0
16104,96.0
16105,89.0
16107,28.0
16108,182.0
16109,240.0
16110,159.0
16112,65.0
16115,51.0
16117,201.0
16119,102.0
16120,363.0
16121,169.0
16122,70.0
16124,138.0
16125,28.0
16126,51.0
16127,687.0
16128,55.0
16129,50.0
16130,65.0
16131,98.0
16132,83.0
16133,13.0
16134,130.0
16135,321.0
16136,201.0
16138,106.0
16139,180.0
16140,188.0
16141,329.0
16143,66.0
16145,32.0
16146,97.0
16147,135.0
16148,140.0
16149,213.0
16150,76.0
16153,51.0
16155,53.0
16156,43.0
16157,29.0
16158,30.0
16159,152.0
16160,20.0
16161,16.0
16163,101.0
16164,13.0
16166,263.0
16167,108.0
16168,13.0
16169,22.0
16170,32.0
16172,70.0
16173,17.0
16174,80.0
16175,78.0
16176,66.0
16177,100.0
16178,263.0
16180,43.0
16182,71.0
16183,113.0
16184,29.0
16185,274.0
16186,32.0
16187,25.0
16188,91.0
16189,70.0
16190,98.0
16191,45.0
16193,174.0
16197,32.0
16198,362.0
16199,40.0
16200,92.0
16201,103.0
16202,63.0
16203,89.0
16204,354.0
16205,85.0
16206,57.0
16208,68.0
16209,57.0
16210,25.0
16211,175.0
16212,217.0
16214,88.0
16217,47.0
16218,48.0
16221,56.0
16222,403.0
16223,21.0
16224,83.0
16225,52.0
16226,53.0
16227,155.0
16228,15.0
16229,95.0
16230,31.0
16231,73.0
16232,101.0
16233,83.0
16234,43.0
16235,54.0
16239,81.0
16240,53.0
16241,29.0
16242,52.0
16243,21.0
16244,161.0
16245,117.0
16246,210.0
16249,47.0
16250,63.0
16253,111.0
16254,127.0
16255,48.0
16256,166.0
16258,49.0
16259,195.0
16261,85.0
16264,8.0
16265,40.0
16266,55.0
16271,71.0
16273,8.0
16275,223.0
16276,216.0
16278,200.0
16279,72.0
16281,305.0
16282,190.0
16283,92.0
16284,181.0
16286,146.0
16287,130.0
16290,34.0
16292,121.0
16293,79.0
16295,18.0
16296,32.0
16298,70.0
16300,123.0
16303,101.0
16306,37.0
16307,74.0
16308,115.0
16309,134.0
16310,228.0
16311,32.0
16313,46.0
16314,42.0
16315,206.0
16316,39.0
16317,116.0
16320,102.0
16321,167.0
16322,35.0
16323,381.0
16324,49.0
16325,63.0
16326,31.0
16327,47.0
16329,104.0
16330,161.0
16331,70.0
16332,56.0
16333,25.0
16335,31.0
16336,106.0
16340,222.0
16341,117.0
16342,35.0
16343,391.0
16344,170.0
16345,439.0
16347,70.0
16348,66.0
16350,58.0
16351,34.0
16352,20.0
16353,24.0
16354,132.0
16356,89.0
16357,116.0
16358,98.0
16359,44.0
16360,17.0
16361,21.0
16362,135.0
16364,126.0
16365,55.0
16366,235.0
16367,173.0
16368,217.0
16369,99.0
16370,48.0
16372,191.0
16373,29.0
16374,131.0
16376,9.0
16377,350.0
16378,32.0
16379,25.0
16381,23.0
16382,142.0
16383,100.0
16384,167.0
16385,143.0
16386,180.0
16387,79.0
16389,77.0
16390,72.0
16391,54.0
16392,146.0
16393,33.0
16394,58.0
16395,61.0
16398,99.0
16399,185.0
16400,80.0
16401,28.0
16402,105.0
16405,8.0
16406,318.0
16407,38.0
16409,63.0
16411,136.0
16412,155.0
16413,319.0
16414,168.0
16415,316.0
16416,90.0
16418,95.0
16419,93.0
16421,47.0
16422,7.0
16424,191.0
16426,46.0
16427,21.0
16428,84.0
16430,104.0
16431,84.0
16433,380.0
16434,60.0
16435,2.0
16436,33.0
16437,48.0
16438,19.0
16440,97.0
16441,140.0
16442,181.0
16444,39.0
16445,189.0
16446,205.0
16447,263.0
16448,273.0
16449,83.0
16450,254.0
16451,324.0
16452,63.0
16453,18.0
16454,189.0
16455,62.0
16456,47.0
16458,19.0
16460,27.0
16461,235.0
16462,105.0
16463,61.0
16464,62.0
16465,24.0
16466,43.0
16467,38.0
16468,204.0
16469,164.0
16470,75.0
16471,126.0
16472,163.0
16473,70.0
16474,28.0
16475,62.0
16477,42.0
16478,20.0
16484,17.0
16485,164.0
16487,82.0
16488,58.0
16489,56.0
16491,367.0
16493,91.0
16495,273.0
16496,125.0
16497,43.0
16498,1.0
16499,27.0
16500,77.0
16503,48.0
16506,21.0
16510,64.0
16511,125.0
16513,13.0
16515,54.0
16518,165.0
16519,208.0
16520,92.0
16521,233.0
16522,15.0
16523,30.0
16524,245.0
16525,16.0
16526,413.0
16527,343.0
16529,113.0
16531,42.0
16532,151.0
16533,25.0
16535,338.0
16538,54.0
16539,59.0
16542,348.0
16544,143.0
16545,211.0
16546,51.0
16549,20.0
16550,37.0
16551,105.0
16552,131.0
16553,34.0
16554,97.0
16555,235.0
16556,42.0
16557,113.0
16558,21.0
16560,101.0
16561,54.0
16563,137.0
16565,64.0
16566,69.0
16567,142.0
16568,214.0
16569,180.0
16570,38.0
16571,67.0
16572,74.0
16573,206.0
16574,294.0
16576,101.0
16583,300.0
16584,145.0
16585,102.0
16586,194.0
16588,63.0
16589,126.0
16590,14.0
16592,42.0
16593,98.0
16595,158.0
16596,238.0
16600,60.0
16601,292.0
16602,352.0
16603,17.0
16604,6.0
16606,30.0
16607,25.0
16608,210.0
16609,40.0
16611,91.0
16612,88.0
16614,198.0
16616,142.0
16618,97.0
16619,131.0
16620,147.0
16621,75.0
16623,116.0
16624,117.0
16625,67.0
16626,17.0
16628,102.0
16629,23.0
16631,34.0
16632,96.0
16633,43.0
16634,93.0
16636,69.0
16637,64.0
16638,35.0
16639,126.0
16641,596.0
16642,206.0
16643,177.0
16644,35.0
16647,125.0
16648,274.0
16650,90.0
16652,52.0
16653,55.0
16654,67.0
16655,55.0
16656,26.0
16657,82.0
16658,63.0
16660,136.0
16661,61.0
16666,602.0
16667,216.0
16668,56.0
16669,55.0
16670,42.0
16671,68.0
16672,16.0
16674,44.0
16675,37.0
16676,77.0
16677,241.0
16678,25.0
16679,91.0
16680,246.0
16681,95.0
16682,46.0
16684,21.0
16686,53.0
16688,20.0
16689,7.0
16690,126.0
16691,143.0
16692,62.0
16693,147.0
16696,38.0
16698,27.0
16699,59.0
16700,35.0
16701,30.0
16702,106.0
16704,54.0
16705,29.0
16706,39.0
16707,80.0
16709,59.0
16710,36.0
16711,92.0
16712,44.0
16713,24.0
16714,226.0
16715,484.0
16716,182.0
16717,64.0
16718,91.0
16719,55.0
16720,348.0
16722,34.0
16723,215.0
16725,39.0
16726,77.0
16727,108.0
16728,73.0
16729,11.0
16730,134.0
16732,233.0
16734,62.0
16735,59.0
16736,58.0
16737,524.0
16739,360.0
16742,52.0
16743,47.0
16744,27.0
16745,14.0
16746,18.0
16747,30.0
16748,55.0
16749,133.0
16750,47.0
16754,15.0
16755,103.0
16756,71.0
16757,91.0
16759,23.0
16762,63.0
16763,540.0
16764,12.0
16765,88.0
16767,51.0
16768,86.0
16769,233.0
16770,52.0
16771,77.0
16772,149.0
16773,338.0
16774,85.0
16775,29.0
16776,355.0
16777,138.0
16778,200.0
16779,15.0
16780,154.0
16781,297.0
16782,21.0
16784,151.0
16787,100.0
16788,137.0
16790,7.0
16791,59.0
16792,141.0
16794,48.0
16795,159.0
16797,86.0
16798,88.0
16799,21.0
16801,37.0
16802,51.0
16804,247.0
16805,140.0
16806,45.0
16807,96.0
16808,175.0
16809,73.0
16810,228.0
16811,13.0
16812,7.0
16813,22.0
16814,17.0
16815,83.0
16816,85.0
16817,36.0
16818,20.0
16823,85.0
16824,189.0
16825,124.0
16827,49.0
16828,19.0
16829,232.0
16830,229.0
16832,69.0
16833,156.0
16834,447.0
16835,88.0
16836,178.0
16837,27.0
16838,155.0
16839,16.0
16840,71.0
16841,60.0
16842,101.0
16843,26.0
16844,20.0
16846,295.0
16847,575.0
16848,190.0
16851,24.0
16852,166.0
16854,223.0
16855,20.0
16856,214.0
16858,40.0
16859,100.0
16860,105.0
16861,112.0
16862,51.0
16863,189.0
16864,164.0
16866,11.0
16868,100.0
16869,51.0
16871,62.0
16872,77.0
16873,60.0
16875,79.0
16877,39.0
16880,77.0
16882,126.0
16883,32.0
16884,267.0
16885,123.0
16887,352.0
16888,151.0
16889,74.0
16890,53.0
16891,73.0
16892,146.0
16893,10.0
16894,33.0
16895,150.0
16897,14.0
16898,138.0
16899,56.0
16900,24.0
16903,193.0
16904,23.0
16905,52.0
16906,99.0
16907,62.0
16910,12.0
16911,26.0
16912,78.0
16913,361.0
16915,56.0
16916,131.0
16917,356.0
16918,53.0
16919,15.0
16921,270.0
16923,24.0
16924,32.0
16926,39.0
16927,123.0
16928,22.0
16929,25.0
16930,42.0
16931,19.0
16932,259.0
16933,104.0
16934,142.0
16935,20.0
16936,360.0
16938,82.0
16939,81.0
16940,97.0
16942,31.0
16943,103.0
16945,32.0
16946,66.0
16947,137.0
16948,86.0
16949,63.0
16950,70.0
16951,85.0
16952,206.0
16954,38.0
16955,99.0
16957,42.0
16960,87.0
16961,208.0
16966,39.0
16968,103.0
16969,76.0
16972,74.0
16974,42.0
16975,41.0
16977,118.0
16978,589.0
16979,56.0
16980,87.0
16983,43.0
16984,69.0
16985,45.0
16986,129.0
16987,82.0
16988,374.0
16989,29.0
16990,204.0
16992,55.0
16993,113.0
16996,55.0
16997,19.0
16998,98.0
16999,51.0
17000,12.0
17001,37.0
17002,111.0
17003,88.0
17004,126.0
17005,118.0
17006,91.0
17007,77.0
17011,311.0
17014,29.0
17015,79.0
17017,35.0
17018,139.0
17019,81.0
17020,104.0
17021,29.0
17022,401.0
17023,140.0
17024,56.0
17025,194.0
17026,116.0
17027,93.0
17028,70.0
17029,92.0
17031,114.0
17032,46.0
17033,104.0
17034,124.0
17035,164.0
17038,385.0
17040,413.0
17041,144.0
17042,61.0
17043,100.0
17044,71.0
17045,79.0
17046,154.0
17047,162.0
17048,96.0
17049,43.0
17050,59.0
17051,145.0
17054,54.0
17058,79.0
17059,82.0
17061,20.0
17062,25.0
17063,80.0
17064,135.0
17067,7.0
17068,13.0
17069,64.0
17070,296.0
17071,60.0
17073,31.0
17075,79.0
17076,140.0
17080,84.0
17081,126.0
17082,173.0
17083,70.0
17084,361.0
17085,25.0
17086,11.0
17088,75.0
17090,46.0
17091,45.0
17092,69.0
17094,101.0
17095,117.0
17096,54.0
17097,61.0
17098,80.0
17101,90.0
17105,147.0
17107,81.0
17109,94.0
17110,223.0
17111,378.0
17113,31.0
17114,47.0
17115,121.0
17119,56.0
17122,127.0
17123,206.0
17126,52.0
17127,77.0
17131,23.0
17132,36.0
17133,61.0
17134,168.0
17135,80.0
17137,65.0
17138,66.0
17139,40.0
17141,266.0
17142,148.0
17143,98.0
17144,83.0
17145,73.0
17146,48.0
17147,84.0
17150,71.0
17152,116.0
17155,120.0
17157,43.0
17158,153.0
17159,156.0
17160,44.0
17162,55.0
17163,218.0
17164,60.0
17165,89.0
17166,165.0
17167,33.0
17169,261.0
17170,15.0
17171,372.0
17172,324.0
17173,21.0
17175,84.0
17176,238.0
17179,77.0
17180,70.0
17181,269.0
17182,296.0
17183,20.0
17184,161.0
17185,7.0
17186,14.0
17187,300.0
17188,65.0
17189,158.0
17190,147.0
17191,65.0
17193,117.0
17194,129.0
17198,174.0
17200,265.0
17201,205.0
17203,118.0
17204,62.0
17205,256.0
17209,44.0
17211,58.0
17212,117.0
17213,62.0
17214,60.0
17217,385.0
17218,40.0
17219,385.0
17220,51.0
17221,200.0
17222,127.0
17223,33.0
17226,179.0
17227,61.0
17228,52.0
17229,46.0
17230,36.0
17231,34.0
17232,12.0
17233,345.0
17235,75.0
17236,57.0
17237,123.0
17238,26.0
17239,71.0
17241,28.0
17242,144.0
17243,11.0
17244,340.0
17245,485.0
17246,192.0
17248,361.0
17250,258.0
17251,181.0
17252,70.0
17254,199.0
17255,135.0
17256,164.0
17258,269.0
17259,127.0
17262,84.0
17265,42.0
17266,160.0
17268,62.0
17270,263.0
17272,73.0
17274,360.0
17277,95.0
17278,324.0
17281,60.0
17282,105.0
17284,55.0
17285,35.0
17286,379.0
17287,42.0
17288,48.0
17289,76.0
17290,121.0
17292,107.0
17293,49.0
17295,36.0
17298,135.0
17299,94.0
17300,91.0
17301,603.0
17302,73.0
17306,25.0
17307,29.0
17308,59.0
17309,289.0
17310,147.0
17311,119.0
17312,11.0
17314,45.0
17315,11.0
17317,22.0
17320,117.0
17321,142.0
17322,90.0
17323,62.0
17324,70.0
17325,181.0
17326,121.0
17327,153.0
17329,241.0
17330,208.0
17332,32.0
17334,52.0
17335,301.0
17337,53.0
17338,39.0
17339,208.0
17340,45.0
17341,192.0
17342,97.0
17343,76.0
17344,682.0
17345,121.0
17346,25.0
17348,78.0
17349,113.0
17350,134.0
17351,69.0
17353,165.0
17354,378.0
17356,94.0
17358,88.0
17359,637.0
17360,139.0
17361,209.0
17362,77.0
17363,7.0
17364,29.0
17365,51.0
17366,24.0
17368,58.0
17370,32.0
17371,238.0
17372,26.0
17373,102.0
17374,89.0
17375,77.0
17376,151.0
17377,10.0
17380,50.0
17381,20.0
17382,84.0
17383,449.0
17384,224.0
17386,95.0
17387,14.0
17388,65.0
17389,14.0
17391,1.0
17392,72.0
17393,78.0
17396,45.0
17397,394.0
17398,71.0
17400,85.0
17402,36.0
17403,414.0
17404,32.0
17405,75.0
17406,40.0
17408,176.0
17409,78.0
17410,50.0
17411,181.0
17412,49.0
17413,165.0
17414,139.0
17416,50.0
17418,173.0
17419,42.0
17420,88.0
17421,175.0
17422,52.0
17423,174.0
17425,41.0
17426,109.0
17428,23.0
17429,75.0
17430,149.0
17432,120.0
17433,297.0
17434,14.0
17436,183.0
17438,97.0
17440,197.0
17442,48.0
17444,13.0
17446,134.0
17447,31.0
17448,9.0
17449,66.0
17450,14.0
17451,26.0
17453,47.0
17454,56.0
17456,91.0
17457,47.0
17458,366.0
17459,17.0
17460,39.0
17461,7.0
17462,224.0
17463,96.0
17464,231.0
17465,62.0
17466,68.0
17468,183.0
17469,54.0
17470,46.0
17472,146.0
17473,48.0
17476,342.0
17477,35.0
17478,225.0
17480,367.0
17481,30.0
17482,91.0
17483,116.0
17484,48.0
17489,154.0
17490,81.0
17491,39.0
17492,135.0
17495,192.0
17496,112.0
17497,220.0
17499,272.0
17500,6.0
17502,7.0
17503,36.0
17504,33.0
17505,148.0
17507,48.0
17508,65.0
17509,3.0
17510,396.0
17511,15.0
17512,44.0
17513,204.0
17514,541.0
17515,65.0
17516,91.0
17518,196.0
17519,52.0
17521,101.0
17522,54.0
17523,4.0
17524,77.0
17525,35.0
17526,72.0
17527,55.0
17528,12.0
17529,87.0
17530,73.0
17531,214.0
17534,150.0
17536,253.0
17537,274.0
17539,36.0
17540,115.0
17542,372.0
17545,267.0
17547,290.0
17548,54.0
17549,28.0
17550,79.0
17552,71.0
17553,160.0
17554,37.0
17555,142.0
17556,174.0
17557,239.0
17560,71.0
17561,238.0
17562,27.0
17563,33.0
17564,28.0
17566,17.0
17567,54.0
17571,123.0
17572,73.0
17573,32.0
17576,19.0
17577,23.0
17578,78.0
17579,191.0
17580,43.0
17581,39.0
17582,97.0
17584,135.0
17585,62.0
17588,90.0
17589,39.0
17590,19.0
17591,88.0
17593,73.0
17594,173.0
17595,25.0
17596,58.0
17597,93.0
17601,141.0
17602,51.0
17603,217.0
17604,93.0
17608,287.0
17609,81.0
17610,48.0
17611,29.0
17612,42.0
17613,28.0
17615,71.0
17616,93.0
17618,68.0
17621,82.0
17622,1.0
17623,116.0
17624,235.0
17625,101.0
17629,46.0
17630,63.0
17631,122.0
17633,60.0
17634,38.0
17635,83.0
17637,84.0
17638,74.0
17639,69.0
17640,108.0
17642,154.0
17643,132.0
17644,41.0
17646,46.0
17647,604.0
17648,108.0
17649,167.0
17651,40.0
17652,23.0
17653,28.0
17655,51.0
17656,14.0
17658,186.0
17659,28.0
17660,596.0
17662,61.0
17663,39.0
17664,201.0
17666,131.0
17667,84.0
17668,37.0
17669,64.0
17671,90.0
17672,126.0
17673,57.0
17674,294.0
17675,12.0
17676,68.0
17677,21.0
17678,340.0
17679,137.0
17680,244.0
17681,32.0
17682,63.0
17683,85.0
17685,59.0
17686,88.0
17689,86.0
17690,36.0
17691,63.0
17692,41.0
17694,211.0
17695,137.0
17696,30.0
17699,85.0
17700,60.0
17702,74.0
17703,128.0
17704,71.0
17705,57.0
17706,31.0
17707,78.0
17708,79.0
17709,109.0
17711,279.0
17713,55.0
17714,48.0
17715,392.0
17716,38.0
17718,412.0
17719,16.0
17720,61.0
17722,70.0
17723,41.0
17724,34.0
17725,25.0
17726,48.0
17728,113.0
17730,33.0
17731,147.0
17732,19.0
17733,223.0
17734,118.0
17735,21.0
17736,52.0
17737,49.0
17738,76.0
17739,42.0
17740,62.0
17741,154.0
17742,63.0
17744,63.0
17745,78.0
17746,185.0
17749,184.0
17750,20.0
17753,119.0
17754,66.0
17756,10.0
17757,13.0
17758,61.0
17759,189.0
17760,157.0
17763,198.0
17764,172.0
17765,97.0
17767,395.0
17768,146.0
17769,42.0
17770,28.0
17771,178.0
17772,382.0
17773,176.0
17774,72.0
17776,337.0
17777,38.0
17779,61.0
17780,17.0
17781,94.0
17783,220.0
17785,256.0
17786,232.0
17787,73.0
17788,56.0
17789,380.0
17790,30.0
17792,11.0
17794,2.0
17795,85.0
17796,64.0
17797,117.0
17799,44.0
17800,37.0
17801,120.0
17802,81.0
17804,181.0
17805,537.0
17807,155.0
17808,11.0
17809,45.0
17810,15.0
17811,10.0
17812,86.0
17813,14.0
17814,47.0
17816,138.0
17817,105.0
17819,60.0
17822,140.0
17825,127.0
17827,205.0
17828,54.0
17829,89.0
17830,144.0
17834,31.0
17835,11.0
17837,17.0
17838,55.0
17841,4.0
17843,108.0
17845,21.0
17847,130.0
17848,24.0
17849,70.0
17850,16.0
17851,63.0
17852,240.0
17853,165.0
17854,137.0
17856,93.0
17857,32.0
17858,27.0
17860,180.0
17861,45.0
17862,80.0
17863,54.0
17864,104.0
17865,21.0
17866,292.0
17867,64.0
17869,88.0
17870,42.0
17871,122.0
17873,46.0
17874,35.0
17876,138.0
17878,352.0
17880,183.0
17883,130.0
17884,49.0
17886,112.0
17888,30.0
17889,102.0
17890,39.0
17892,50.0
17894,25.0
17897,58.0
17898,161.0
17901,492.0
17905,55.0
17908,88.0
17912,16.0
17913,57.0
17916,105.0
17917,159.0
17918,3.0
17919,350.0
17920,15.0
17921,50.0
17923,131.0
17924,81.0
17926,112.0
17928,263.0
17929,72.0
17930,51.0
17931,53.0
17932,91.0
17934,178.0
17935,119.0
17937,59.0
17940,53.0
17941,191.0
17946,26.0
17949,11.0
17950,126.0
17951,122.0
17952,163.0
17954,43.0
17955,117.0
17958,612.0
17960,235.0
17961,9.0
17962,277.0
17963,73.0
17964,341.0
17965,25.0
17966,109.0
17967,45.0
17968,46.0
17969,30.0
17974,77.0
17975,21.0
17977,371.0
17978,122.0
17979,112.0
17980,76.0
17984,148.0
17987,91.0
17988,72.0
17990,99.0
17991,183.0
17994,50.0
17995,53.0
17996,167.0
17997,13.0
17998,179.0
17999,171.0
18001,181.0
18002,119.0
18005,44.0
18006,233.0
18008,32.0
18009,70.0
18011,194.0
18016,108.0
18017,117.0
18018,104.0
18021,3.0
18022,128.0
18025,60.0
18026,5.0
18030,38.0
18034,354.0
18035,175.0
18036,77.0
18037,45.0
18039,89.0
18040,226.0
18041,20.0
18042,488.0
18043,171.0
18044,33.0
18048,290.0
18049,153.0
18050,34.0
18051,16.0
18053,229.0
18055,34.0
18056,330.0
18057,149.0
18058,329.0
18059,22.0
18060,156.0
18061,27.0
18062,85.0
18063,243.0
18064,68.0
18065,45.0
18066,170.0
18069,69.0
18071,119.0
18073,9.0
18074,132.0
18075,25.0
18077,43.0
18078,137.0
18079,149.0
18080,224.0
18081,49.0
18084,186.0
18085,99.0
18087,49.0
18092,46.0
18093,75.0
18094,69.0
18095,72.0
18096,100.0
18097,79.0
18101,166.0
18102,11.0
18106,121.0
18108,242.0
18109,15.0
18110,392.0
18112,180.0
18116,29.0
18118,13.0
18121,5.0
18122,28.0
18123,245.0
18125,96.0
18127,192.0
18130,21.0
18134,96.0
18135,67.0
18136,97.0
18139,1.0
18141,188.0
18142,58.0
18143,25.0
18144,42.0
18145,72.0
18146,80.0
18147,63.0
18149,98.0
18150,85.0
18151,102.0
18154,122.0
18155,108.0
18156,357.0
18158,79.0
18160,165.0
18161,73.0
18167,41.0
18168,37.0
18170,83.0
18171,81.0
18172,21.0
18173,132.0
18174,596.0
18177,87.0
18178,53.0
18179,93.0
18180,28.0
18181,178.0
18183,47.0
18188,122.0
18189,274.0
18190,131.0
18191,216.0
18193,139.0
18194,120.0
18196,179.0
18198,21.0
18202,112.0
18203,191.0
18204,61.0
18205,38.0
18210,63.0
18211,63.0
18212,351.0
18214,8.0
18215,134.0
18217,166.0
18218,150.0
18219,49.0
18220,100.0
18221,74.0
18223,30.0
18225,30.0
18226,25.0
18227,267.0
18228,23.0
18229,28.0
18230,65.0
18231,21.0
18232,39.0
18235,73.0
18236,64.0
18237,33.0
18239,41.0
18241,30.0
18242,104.0
18244,72.0
18245,45.0
18246,293.0
18247,109.0
18248,64.0
18251,90.0
18252,112.0
18255,367.0
18257,62.0
18258,27.0
18259,118.0
18260,26.0
18261,52.0
18262,231.0
18263,114.0
18265,86.0
18268,119.0
18270,197.0
18271,122.0
18272,80.0
18273,196.0
18275,153.0
18276,137.0
18277,145.0
18278,331.0
18280,117.0
18281,397.0
18282,119.0
18283,36.0
18286,247.0
18287,106.0